{
    "time": 0.06554559982300734,
    "cholesterol": false,
    "bmi": 19.630720942063256
}