{
    "time": 0.20915690314528212,
    "cholesterol": false,
    "bmi": 25.924088458909843
}