{
    "time": 0.6136795094316031,
    "cholesterol": false,
    "bmi": 24.607364271658906
}