{
    "time": 0.09914380460767547,
    "cholesterol": true,
    "bmi": 26.71734204552864
}