{
    "time": 0.2946684326901631,
    "cholesterol": false,
    "bmi": 22.413881168068514
}