{
    "time": 0.8113755502494321,
    "cholesterol": false,
    "bmi": 22.168955705450735
}