{
    "time": 0.3464932292325732,
    "cholesterol": false,
    "bmi": 19.36654336302719
}