{
    "time": 0.770346632310577,
    "cholesterol": true,
    "bmi": 26.041551733116194
}