{
    "time": 0.4101606161660254,
    "cholesterol": true,
    "bmi": 19.933490007787743
}