{
    "time": 0.611274143081644,
    "cholesterol": false,
    "bmi": 23.140626042994477
}