{
    "time": 0.8983470497683503,
    "cholesterol": false,
    "bmi": 24.150093992163058
}