{
    "time": 0.8044033854914246,
    "cholesterol": true,
    "bmi": 26.02626815966711
}
