{
    "time": 0.2587688704879426,
    "cholesterol": true,
    "bmi": 19.3262005537064
}